{"train_acc": [94.13157894736842, 92.55263157894737, 92.57894736842105, 92.28947368421052, 92.39473684210526, 94.34210526315789, 91.89473684210526, 94.23684210526316, 93.21052631578948, 94.3157894736842, 95.1842105263158, 92.92105263157895, 96.26315789473684, 93.86842105263158, 95.13157894736842, 93.36842105263158, 94.65789473684211, 94.44736842105263, 93.36842105263158, 94.02631578947368], "train_loss": [0.7061367484142905, 0.7168824926175569, 0.7070881710554424, 0.7192079286826284, 0.7258820481049387, 0.6962457686976382, 0.739810674943422, 0.705394438442431, 0.6982886271727713, 0.6948635369852969, 0.652282657372324, 0.7126674082404689, 0.701119107321689, 0.696194902093787, 0.680176351321371, 0.715366878384038, 0.7191481463532698, 0.6787127166045339, 0.7170913056323402, 0.6882628506108334], "val_acc": [92.73684212132504, 91.57894736842105, 91.47368421052632, 92.00000001606189, 92.6315789634303, 92.42105264764083, 93.15789475290399, 92.84210527921978, 92.73684210526316, 92.63157894736842, 92.94736843711452, 93.05263157894737, 92.73684212132504, 92.6315789634303, 92.42105264764083, 92.21052631578948, 93.36842106869346, 92.73684212132504, 92.73684212132504, 92.84210526315789], "val_loss": [0.32667683124542235, 0.33960000075792013, 0.3613229720529757, 0.3272226601525357, 0.3114361981969131, 0.3054354762403588, 0.2997193864772194, 0.30696242012475666, 0.29975519820263513, 0.3033578102212203, 0.30035494584786265, 0.30596577710226963, 0.30388512636485854, 0.30510010399316484, 0.3028274166584015, 0.3067443844832872, 0.29730036892388995, 0.3097278664614025, 0.3025834155082703, 0.3040011758239646], "best_acc": 93.36842106869346}